{"covidcatalog.pdf": 1748859680.5049057, "Faculty Handbook.pdf": 1747825830.2334971, "full-pdf.pdf": 1747902959.053243, "h-1bscholarpacket.pdf": 1747892657.2341518, "mcobdegreeaudit_howtogenerate.pdf": 1748864398.1547413, "paper-application.pdf": 1747892156.5390286, "readmission_app_graduate.pdf": 1747892420.0107975, "students-handbook.pdf": 1747825789.2354143}